<?xml version="1.0" encoding="UTF-8"?>
<jcr:root xmlns:sling="http://sling.apache.org/jcr/sling/1.0" xmlns:cq="http://www.day.com/jcr/cq/1.0" xmlns:jcr="http://www.jcp.org/jcr/1.0" xmlns:nt="http://www.jcp.org/jcr/nt/1.0"
    jcr:primaryType="nt:unstructured"
    jcr:title="Contact Us Properties"
    sling:resourceType="cq/gui/components/authoring/dialog">
    <content
        jcr:primaryType="nt:unstructured"
        sling:resourceType="granite/ui/components/coral/foundation/fixedcolumns">
        <items jcr:primaryType="nt:unstructured">
            <column
                jcr:primaryType="nt:unstructured"
                sling:resourceType="granite/ui/components/coral/foundation/container">
                <items jcr:primaryType="nt:unstructured">
                    <categoryTitle
                        jcr:primaryType="nt:unstructured"
                        sling:resourceType="granite/ui/components/coral/foundation/form/textfield"
                        fieldLabel="Category title"
                        name="./categoryTitle"/>
                    <topicTitle
                        jcr:primaryType="nt:unstructured"
                        sling:resourceType="granite/ui/components/coral/foundation/form/textfield"
                        fieldLabel="Topic title"
                        name="./topicTitle"/>
                    <nextContentTitle
                        jcr:primaryType="nt:unstructured"
                        sling:resourceType="granite/ui/components/coral/foundation/form/textfield"
                        fieldLabel="Next content title"
                        name="./nextContentTitle"/>
                    <categories
                        jcr:primaryType="nt:unstructured"
                        sling:resourceType="granite/ui/components/coral/foundation/form/multifield"
                        composite="{Boolean}true"
                        fieldDescription="Click 'Add Field' to add a new category."
                        fieldLabel="Categories information">
                        <field
                            jcr:primaryType="nt:unstructured"
                            sling:resourceType="granite/ui/components/coral/foundation/container"
                            name="./categories">
                            <items jcr:primaryType="nt:unstructured">
                                <name
                                    jcr:primaryType="nt:unstructured"
                                    sling:resourceType="granite/ui/components/coral/foundation/form/textfield"
                                    fieldLabel="Category Name"
                                    name="./categoryName"/>
                                <accordion
                                    jcr:primaryType="nt:unstructured"
                                    sling:resourceType="granite/ui/components/coral/foundation/accordion">
                                    <items jcr:primaryType="nt:unstructured">
                                        <topics
                                            jcr:primaryType="nt:unstructured"
                                            jcr:title="Topics configuration"
                                            sling:resourceType="granite/ui/components/coral/foundation/container">
                                            <items jcr:primaryType="nt:unstructured">
                                                <topicsinfo
                                                    jcr:primaryType="nt:unstructured"
                                                    sling:resourceType="granite/ui/components/coral/foundation/form/multifield"
                                                    composite="{Boolean}true"
                                                    fieldDescription="Click 'Add Field' to add a new topic"
                                                    fieldLabel="Topic information">
                                                    <field
                                                        jcr:primaryType="nt:unstructured"
                                                        sling:resourceType="granite/ui/components/coral/foundation/container"
                                                        name="categoryinfo">
                                                        <items jcr:primaryType="nt:unstructured">
                                                            <question
                                                                jcr:primaryType="nt:unstructured"
                                                                sling:resourceType="granite/ui/components/coral/foundation/form/textfield"
                                                                fieldLabel="Question"
                                                                name="./question"/>
                                                            <xfPath
                                                                jcr:primaryType="nt:unstructured"
                                                                sling:resourceType="granite/ui/components/coral/foundation/form/pathfield"
                                                                fieldLabel="Consent template path"
                                                                name="./xfpath"
                                                                rootPath="/content/experience-fragments"/>
                                                        </items>
                                                    </field>
                                                </topicsinfo>
                                            </items>
                                        </topics>
                                    </items>
                                </accordion>
                            </items>
                        </field>
                    </categories>
                </items>
            </column>
        </items>
    </content>
</jcr:root>
